reel_id,timestamp
?s=single_unit&__cft__[0]=AZULbu3OSYM8Qpt9nWx0O9ULaE_j3ITrdQi_HSwYXDhLLnJsCoTzBIzEfH5LhTbGvMUjlGXb0ZTcqSpkd3E7eYvcnRqnMu0HEHul6Xnf8HMsdVZv6BqWFHvkHCiOYLAcp4c&__tn__=H-R,2025-08-01T05:31:24.352673
?s=single_unit&__cft__[0]=AZVQ31KjBavVl0bjLv3W_Hut7vIWRt5GOGrpjmfJTOPN1wEW9YAF_bmsGh9qoVliAcLhbTzFEwXaYAxn_zohG0GHV_tD_jk7aFC8NHZ9rUs4l2jO4_7NSITnJ1DPHgdeAww&__tn__=H-R,2025-08-01T05:31:26.362129
?s=single_unit&__cft__[0]=AZX9_6I4PdTfRflcvxYTCvQE0dFr3gJM1sfZf5_AH4gny7VpZV6BofsFBfx93KZI6gMKHCdVZeGHP2xqGegPbagKaxaezqw5oE9TPChIuvyzTvdl_Kbapfgb280Hpt-F49I&__tn__=H-R,2025-08-01T05:31:28.369104
?s=single_unit&__cft__[0]=AZUfTn18pOyvbVTsYVLpua2x7ed-I2N1LTV7GO9ifnOzkuZTqndzUekXQ7FLfSovEdLFaohLs9Y4CsMBEVVVT-GBevw8Dhzgo2FXZo0I-84IR_HtCmHu2cX8xVRg9DDLkC4&__tn__=H-R,2025-08-01T05:31:30.371241
?s=single_unit&__cft__[0]=AZUe2v_0rjIkq_fuXCHvSWedqShg5C7jJCwjqQUCkJ1pwAVXGuHEFuq5gLgiIOFLD59tK7dDI3C2jgOy5DKlnlMMKw0gAqXGdePs_og8VZt2K88KeDPc_IaFAXwpZ8rfzDX-tyWHkquW5QXt-d0fD7cGDXIQMKepTCUPG4oJ5Q3KVQ&__tn__=H-R,2025-08-01T05:31:32.373697
?s=ifu&__cft__[0]=AZU3mFSEpnr2RzdYBvZvNKTjz0m7cEbUPJAjDyX59GuffWrkOyL2lFx4A4KHLr3M1SFG583ShEggoytjyQe9jb6FWROr5YI4HbF66oQ_xsSmMH0f0BvVvTWswnJwZIIT7k4EBnOvJrs93AQqpgbJe1b7qu0Lx6B0Kqk6vIiI9CyPYij0hG4DJmNZaPlODni5kRdBC-TH_makfzPJNpe1UqwI,2025-08-01T05:31:34.379637
?s=single_unit&__cft__[0]=AZVi_xm0nMobIV3vf_OB5j1UgQXCFUenI51iQwzzyimRx3PC1yDRwPVSpQsO6GWrRbcLy2JNx3U6u3rpSz0fiJvg2FAA4GmgzaUfau3tM7kIaQIiO_WbD_yMfEIH__7jSUVPO5Ei1YH5QdVAKXIBvSfXi7UGM05H2nAjO1u1sTTdqw&__tn__=H-R,2025-08-01T05:31:36.384082
?s=single_unit&__cft__[0]=AZWZYeqadswekzpdW6ktkJyJUcaEBEG3RdvuIIz4n1C-2ew3bGFaawUb74P5uDggbes4spERJt67ooM9DPGviA1yCOqJoKOjpR2vw_PnPrB_DIP7YcBQecUsU_mqMAULilZaElKQCPcK2M50qJ7DMMRkYNu3QDnLIoELE4X4URjaPQ&__tn__=H-R,2025-08-01T05:31:38.389336
?s=single_unit&__cft__[0]=AZXXoeknYELe8H3MEXIL4X6WL4JmaHCSEsrfjK5kXlkau8kphQ8AlXIDzLkm1c_2CBcCa2mGQ2E7QYiy0qdYn0YoYoll0D2i5jZT0OXIAxYUWeB8UBrgGMKfL6Hx1w9OkSKlqA5fB_qiTHY_t2s0iSa_eo8PxXrQaR7JESg19HX0mQ&__tn__=H-R,2025-08-01T05:31:40.392114
?s=single_unit&__cft__[0]=AZXH2hHWBdR93gWY_xRzlMhWGLy-a5bOz8M7alhZrKjS_lHWt_ke7Ty2vDoiTta34eYmBijEpVZHvv1BNPHIDY0qetjF5uf2jukBCVKbDSahcPSwap15nNplCHdr-OJx13CgdiYXWRF2eagJDunVSiyaWvPjxMQ1TzcrRNFTWW5BMQ&__tn__=H-R,2025-08-01T05:31:42.398922
?s=ifu&__cft__[0]=AZW1D2xLlRyq1FTJW--W9eLxyegMCPhLHse7rmes6f84VFDB0xpH_5tQZBcaRai8Y-MSYl3gmy4Q102cvuBv43b03K3dhpPKDGEd-EDTeMU_Sw-XVQvoHiwWIxhwlxZRkHRqN4qvOguwrSBwypPR6V14K8zBf1LMwCNr1L9kxfUQ6osxJAWVH1wY0_yyUVz7y3iSjHbRI0NN2nYT0Z9cRr1r,2025-08-01T05:31:44.404330
?s=single_unit&__cft__[0]=AZWzxG0kRuh7MVhYsl8B2qcCS_BkeN5aHcLQtQLyHXYWhO6vAtiFDjYeMh8XfDiaDasqh59kMz6a4a1KJdHVeCsGw1oXT88p5-vE-4zrvVbf28FObjnIvnDHT2mpVLJWUq7rrDdojDrN4OMlG3CID4O0blfiIlmfNBO_-Nu1Ldoz7g&__tn__=H-R,2025-08-01T05:31:46.406303
?s=ifu&__cft__[0]=AZUZxHFyL4Z8rXO0qr20B3tE_VCRiJ3rWaYo8l2I0P7iTzsi6nNUzCfaNAavAcuDuhSLhPm4pJpj9RWIC8BK5ZZd77I7GfWxdZiWtIOJiZmcR_EYuXRm5I9lqlhj2ZoUSWz0juxTxIq4KFvzQBOjahYyd53QHPDQMHl7esLOUJqNw5oxz7tqvkFgrKI6CaiO5U_6RykKGKzXsLnprAl7tFQj,2025-08-01T05:31:48.409980
?s=single_unit&__cft__[0]=AZXsrbaOIbbPtlsJLLCV9S6VXLbZKkzaNourJPvydG4cd6Ig4tPsMQOprTg-bIAbk6rUgeBD0BDk4qiceWUhsgcqJCr26p_lmauPF6XhRJz-uR-saTKTfKztT8H9mABcxqw&__tn__=H-R,2025-08-01T05:31:50.412351
?s=single_unit&__cft__[0]=AZXAu0eJMUx_KRfH3MS14488XcW_HLPnkMEu2CbO2HheKZJWSqOkb6UrQYE8Jl8h2cQpF2uUQ1xModasTGwLcctRu5CdkOj4uDX3Cp5vFbL7ToPowPvH2pykhSIsF_WlP7Y1jN767FBfLq_j_LJ-_jz6YL-X3ZdCdvcg1lnY6R-8Qw&__tn__=H-R,2025-08-01T05:31:52.417187
?s=single_unit&__cft__[0]=AZWyKRHoy2yr3RVv9lBfDI7u1dgwQ8MSTsuDb8UhzeLC1zHADRopKm9P8O2dPlisgnuZl8H6V5rcRKkq1oay7G6YzAbKajn2dhtKnQzOF6zoooo8kf6MfjPk9jbRYAXw5dI&__tn__=H-R,2025-08-01T05:31:54.423891
?s=single_unit&__cft__[0]=AZWNb2yxg6IG1lkff8aOBJni8b7-77agvR5y7MF7ymqw6T8effkR6bGYDUtFG_qeUxEY38VdLqeFMDqTjv7AIH42rOIhPPBu89-qJSKBKznuRJweT3BRfTJjVmrBunI3vNK-UwfuHQiCUSD2_nQmSB8WMU0SDGSNf6lw7t4CKzE5-g&__tn__=H-R,2025-08-01T05:31:56.426537
?s=ifu&__cft__[0]=AZXEQZA_J-PqlJjiVjrwJNQIS58JvCbPC_8sIMAHo4paDdVqw4lPG1zM6Vm9SCNek65t8pB4M_JPBp1WxNOxpQ5w9ED3viUCkdxDi6HkST_AhtND8W4CHAgwB1R8M1DeRQ6jILWBgV4UOJCKf537e_baS3pN-FM5HkRasvX54S_DX_CifRLSxj-zrkvimx2Q90TdIjCRfV1m7LFTGD3katRP,2025-08-01T05:31:58.431657
?s=single_unit&__cft__[0]=AZWQg8dr89AkWB05k97_EhhXjEXC1Oa2Sw3sSha_mDjenzD1rngnG_JhlzF9usZM4ymkqKMEZ2Cm7Jqi94BxFdNbiHaAPWCVwlZkQ5MzuhO5dXBqI7xjFixDginfzMlGDOI&__tn__=H-R,2025-08-01T05:32:00.437315
?s=ifu&__cft__[0]=AZVjBt_Rk43470Wxk-XmXTtZrfOhIzQdNcJguPTiTacDVGmQm_IB9S4LCiaN5xJyyy4x9pTP2b-SCB9lJSUGj6mWDEnuYL4GfGXwGJn5Y-yadqgktZcGjasxkWpffEj-TLOkU7pRTx41SBSRpay0BsM1wluwfgWNtpfYdQuAD0Xd6XHQHIaKnM2ZvBCfCLVcXbJGuAuCf9Hv2GadfYnJqlLm,2025-08-01T05:32:02.441041
?s=single_unit&__cft__[0]=AZXs6WBd6TuafIGqYUdYWzjNY7rnN6aOMIhuxA68SJQE-MRhikeRZVgvBFZYVL4cDKl0IrYGSdEIMYehGZhpRymbFlxZE0njsmKlu0qmGgVv892BVOb-x8T3zWbuk5xh1gS5cF_Bd59pXuPNBqHflhAqfd6afkBPzd-GSrrNa7UbAw&__tn__=H-R,2025-08-04T17:57:01.528089
?s=single_unit&__cft__[0]=AZUQq59q2lSFO-dsSJJVJXx8X1ELdqWr0hHM6FFvG0jrbJbbv41IL6WeELN9u8zDpIAV04LC4X8K1uNa4bVo9A6vSJbxHss3PC1msWSLse9XWX2sWGgkJRF84979kujZuEM&__tn__=H-R,2025-08-04T17:57:03.539738
?s=single_unit&__cft__[0]=AZVeQ3VSYkzSM6dbY3Xwq6y8_5XTCacMPNnzlQUAQL53tcz3vUyDOp-S0b6F7CMyqm20RQPdqGLVvpg2LCqcLsXjPn-EKz8pvgbrtOfvqyrjGYGWWw4cLVkxf07RNnzIlkViXjFk-vbFgYWh3Q9h_90e7Gv-YP_0YVxQfULDaYgOBQ&__tn__=H-R,2025-08-04T17:57:05.547677
?s=single_unit&__cft__[0]=AZWuzSYJhC85TzIb493eERcbN9W4NgTU4t0sjN-tqFoyT1Cg1XWxuNTpLxLhp0JWRlJ0m0i-KJoKIdSltS5EgPf1X3vxWBCU5em9OMgzC2-rpmYBF35mvczcpv7WMpcs-SLl75J35XGDBlNYOAtjrzz24T-sSCfJNhSDt9awKZg3ZA&__tn__=H-R,2025-08-04T17:57:07.549561
?s=single_unit&__cft__[0]=AZWfOqzkCyjbTyCM42v3r-HpNvUYN7ZCvYUwlFHbQrs07q1Z06AHa-qgJ4VlvVH5AnSEb7DVfpioYvso_7tRRgJdr3M2-2NQefHHpqsLoYVjIy05Ks1qrfQShCzx7EUszI4&__tn__=H-R,2025-08-04T18:12:10.532730
?s=single_unit&__cft__[0]=AZWb9UjOfJH4bqvTsNmSvmwjgV2gkFVO6Qe89Hxb021WEH5RsQPpTIqNDlxCQ--Fme-UJEgTxfix6O95BpqnbLWQE8lAaw_bEAhGFXk4cZ-XxH6GTnmGb3o66PskeZN02mpIkxgV4AjQBhYLOJX3ZQjbfnfdJkQf2rXDuo-5rnPL1w&__tn__=H-R,2025-08-04T18:12:12.537190
?s=single_unit&__cft__[0]=AZUvHnTgTi71ftFi96t4SEdfgJ12rLLFAjwzjCIK0cKIGg1b_DmzZMUICRobkRv1wjBWlcYlTNfA8LSyhqu8qNko5Z-9RPG5uT8hdBrvQVGHFHN5dVkLfCYnQzVZMJT3mzFz-i92pqHaN1nemnDReHYda_JBD6nWlzMALp7qBqGu3Q&__tn__=H-R,2025-08-04T18:12:14.552197
?s=single_unit&__cft__[0]=AZVxdikquorL1NBSaNlfBlgQq4qnhRzBYluk65EERu_9mCy8HWWFusTtbm-e-MiItkQUGtBc7XuIpdzxUYzhKF5l17ezg6dSDHobT40UA3PKrn4-goXKQtELl_onnb2HamnCnm_iG1IZH1WyVMvoM1xA_Vdde2B-wnRxJ11pFSJCzw&__tn__=H-R,2025-08-04T18:12:16.554232
?s=single_unit&__cft__[0]=AZU21193t9XC1B9FpBSZXoN2TbfXSwZzCFsZVNSy38W9RJz9OQlfolOZ1XEtKuAjV10eXHjicP1WOD-i3sOavZjJ6yUYd8Vqio-UuPQ-t4eX-k0mLx9a_wUXSKM-0s_XkEI&__tn__=H-R,2025-08-04T18:12:18.556765
?s=single_unit&__cft__[0]=AZXINHEk-s4Vd6L5QGEhT1F75HcwENPAOBE2ZhOxt38wJodD5T6NUFwWIWmSX3u2wK1vMrwCwtqpj1UAHAnG0IQI-k_9padkGLEDAq8Fftkynau5p6fHsaET9RZsUU6qnyo&__tn__=H-R,2025-08-04T18:45:37.114930
?s=single_unit&__cft__[0]=AZUkx22edfDnEGDudBYlk0UksyKqWYJ5RWoELp8Q3ABUC3-KX184jab5iLK_B-HD6Sh7bgKUXl8_hNsS5zQiQiM8GPmWHxukwyc6AlZ48AABnGOu2pbEqXvkIMHDLhD_pzQ&__tn__=H-R,2025-08-04T18:45:39.120884
?s=single_unit&__cft__[0]=AZUCWsMK6GR8sjZOa1L5YTvjNlOpdIMTStlscFfoJPvdKx34Xa0gDzAWvUruiv_P3CNmnOUApUwydIkiEncX6UzaQhOuD1StQ2zQ8YVKXDbIQNTctX89SFPy5jS6D8gbjV_s7MdMRN71cLw-0UIuZDD-hWeaJhqwKY51Kl4bHpxjGg&__tn__=H-R,2025-08-04T18:45:41.129092
?s=single_unit&__cft__[0]=AZWtbja4Up9bbWOdUvqK_Wdkm12TA6fZnRpHFtSaL3VKtsnNSJ1J-s32tKCFbpfTRk5qpA4W-Li_cS0jEJUykjl7aDYl7OajgdpKm5dDcNonGkghvsAPplzveE1A_Ss3nvB2K31QTHOgnBHkVqlr9tOUNzHLFoSdCIIcVRgGxXLWEQ&__tn__=H-R,2025-08-04T18:45:43.131064
